,revisions
2003-09-07,4
2004-01-24,1
2004-03-08,1
2004-10-20,1
2004-10-21,1
2004-11-08,2
2004-11-15,1
2004-11-24,1
2004-12-04,2
2004-12-05,2
2004-12-14,1
2005-05-01,1
2005-07-18,1
2005-08-05,3
2005-08-14,1
2005-09-06,3
2005-09-12,2
2005-09-14,6
2005-10-06,1
2005-10-07,1
2006-01-07,1
2006-01-15,1
2006-01-17,1
2006-01-23,5
2006-01-24,1
2006-02-08,1
2006-02-25,4
2006-03-09,2
2006-03-11,1
2006-03-20,1
2006-04-01,1
2006-05-23,4
2006-05-30,1
2006-06-05,1
2006-07-29,3
2006-07-30,7
2006-09-17,1
2006-09-21,1
2006-09-22,1
2006-09-26,1
2006-09-27,8
2006-10-08,1
2006-11-08,1
2006-11-14,2
2006-11-15,1
2006-12-16,1
2006-12-21,1
2006-12-25,2
2006-12-26,1
2006-12-29,3
2006-12-31,1
2007-01-09,1
2007-02-12,1
2007-03-02,1
2007-03-03,2
2007-05-19,1
2007-06-27,12
2007-06-29,1
2007-07-05,4
2007-07-09,1
2007-07-10,2
2007-07-12,2
2007-07-30,1
2007-08-03,1
2007-08-04,1
2007-10-15,2
2007-10-31,1
2007-12-04,1
2007-12-19,1
2008-02-13,1
2008-02-28,1
2008-04-25,1
2008-05-24,1
2008-07-08,1
2008-07-29,8
2008-07-31,3
2008-08-01,2
2008-09-11,1
2008-09-19,1
2008-09-30,2
2008-10-01,1
2008-10-20,2
2008-11-06,1
2008-12-08,1
2008-12-10,1
2008-12-15,1
2009-01-16,1
2009-01-18,3
2009-01-21,1
2009-01-29,1
2009-03-05,1
2009-03-26,2
2009-04-08,1
2009-05-22,1
2009-06-09,1
2009-06-21,1
2009-07-08,6
2009-07-09,1
2009-08-04,1
2009-08-10,1
2009-08-20,1
2009-08-24,2
2009-09-06,4
2009-12-11,2
2009-12-12,1
2010-03-06,2
2010-03-15,1
2010-04-25,1
2010-06-13,1
2010-10-12,1
2010-10-14,1
2010-11-12,1
2011-01-07,1
2011-02-18,1
2011-08-20,1
2011-09-07,1
2011-11-01,1
2012-01-05,1
2012-05-03,2
2012-06-18,1
2012-08-10,1
2012-09-17,1
2012-09-19,1
2013-01-08,1
2013-01-26,1
2013-01-30,4
2013-02-18,1
2013-03-26,1
2013-05-11,1
2013-05-12,1
2013-07-03,1
2013-07-05,3
2013-08-15,1
2013-08-19,1
2013-10-20,1
2013-10-23,1
2013-12-10,1
2013-12-20,1
2014-03-12,1
2014-03-17,1
2014-03-23,1
2014-06-12,1
2014-08-01,1
2014-08-22,1
2014-09-16,1
2014-09-19,3
2014-09-28,1
2015-01-30,5
2015-01-31,37
2015-02-01,2
2015-02-03,14
2015-02-04,55
2015-02-05,61
2015-02-06,16
2015-02-07,11
2015-02-17,1
2015-03-24,1
